Iteration,Accuracy
50,0.0892926829268
100,0.6144390243902
150,0.7215121951220
200,0.7387560975610
250,0.7966341463415
300,0.8288780487805
350,0.8480487804878
400,0.8592926829268
450,0.8681707317073
500,0.8748780487805
