Iteration,Accuracy
50,0.1095121951220
100,0.6722682926829
150,0.7636097560976
200,0.8055853658537
250,0.8288048780488
300,0.8457317073171
350,0.8566097560976
400,0.8655121951220
450,0.8732926829268
500,0.8786097560976
