Iteration,Accuracy
50,0.1070975609756
100,0.6247317073171
150,0.7532195121951
200,0.7773658536585
250,0.8328780487805
300,0.8470731707317
350,0.8595365853659
400,0.8668536585366
450,0.8734390243902
500,0.8785121951220
