Iteration,Accuracy
50,0.0581219512195
100,0.6860243902439
150,0.7917073170732
200,0.8281219512195
