Iteration,Accuracy
50,0.05451219512195121936
100,0.62595121951219512280
150,0.72180487804878046276
200,0.76846341463414635786
250,0.80053658536585370342
300,0.81919512195121946263
350,0.83168292682926825421
400,0.84134146341463411645
450,0.84887804878048778168
500,0.85551219512195120220
