Iteration,Accuracy
50,0.13500000000000000888
100,0.61543902439024389395
150,0.71480487804878045655
200,0.76295121951219513345
250,0.79080487804878052405
300,0.80978048780487810188
350,0.82431707317073166230
400,0.83675609756097557579
450,0.84580487804878046187
500,0.85226829268292680908
