Iteration,Accuracy
50,0.11729268292682926145
100,0.49704878048780487543
150,0.64824390243902441089
200,0.72792682926829266332
250,0.77536585365853660790
300,0.80136585365853663099
350,0.81829268292682921793
400,0.83036585365853654572
450,0.83982926829268289559
500,0.84724390243902436559
