Iteration,Accuracy
50,0.09197560975609755940
100,0.57819512195121947062
150,0.70058536585365849270
200,0.76141463414634147355
250,0.79287804878048784296
300,0.81319512195121945730
350,0.82748780487804873829
400,0.83875609756097557757
450,0.84699999999999997513
500,0.85434146341463412799
