Name,Abbr,Letter,Molecular Weight,Molecular Formula,Residue Formula,Residue Weight,pKa1,pKb2,pKx3,pl4,H,VSC,P1,P2,SASA,NCISC,carbon,hydrogen,nitrogen,oxygen,sulfur
Alanine,Ala,A,89.1,C3H7NO2,C3H5NO,71.08,2.34,9.69,,6,0.62,27.5,8.1,0.046,1.181,0.007187,3,7,1,2,0
Cysteine,Cys,C,121.16,C3H7NO2S,C3H5NOS,103.15,1.96,10.28,8.18,5.07,0.29,44.6,5.5,0.128,1.461,-0.03661,3,7,1,2,1
Aspartic acid,Asp,D,133.11,C4H7NO4,C4H5NO3,115.09,1.88,9.6,3.65,2.77,-0.9,40,13,0.105,1.587,-0.02382,4,7,1,4,0
Glutamic acid,Glu,E,147.13,C5H9NO4,C5H7NO3,129.12,2.19,9.67,4.25,3.22,-0.74,62,12.3,0.151,1.862,0.006802,5,9,1,4,0
Phenylalanine,Phe,F,165.19,C9H11NO2,C9H9NO,147.18,1.83,9.13,,5.48,1.19,115.5,5.2,0.29,2.228,0.037552,9,11,1,2,0
Glycine,Gly,G,75.07,C2H5NO2,C2H3NO,57.05,2.34,9.6,,5.97,0.48,0,9,0,0.881,0.179052,2,5,1,2,0
Histidine,His,H,155.16,C6H9N3O2,C6H7N3O,137.14,1.82,9.17,6,7.59,-0.4,79,10.4,0.23,2.025,-0.01069,6,9,3,2,0
Isoleucine,Ile,I,131.18,C6H13NO2,C6H11NO,113.16,2.36,9.6,,6.02,1.38,93.5,5.2,0.186,1.81,0.021631,6,13,1,2,0
Lysine,Lys,K,146.19,C6H14N2O2,C6H12N2O,128.18,2.18,8.95,10.53,9.74,-1.5,100,11.3,0.219,2.258,0.017708,6,14,2,2,0
Leucine,Leu,L,131.18,C6H13NO2,C6H11NO,113.16,2.36,9.6,,5.98,1.06,93.5,4.9,0.186,1.931,0.051672,6,13,1,2,0
Methionine,Met,M,149.21,C5H11NO2S,C5H9NOS,131.2,2.28,9.21,,5.74,0.64,94.1,5.7,0.221,2.034,0.002683,5,11,1,2,1
Asparagine,Asn,N,132.12,C4H8N2O3,C4H6N2O2,114.11,2.02,8.8,,5.41,-0.78,58.7,11.6,0.134,1.655,0.005392,4,8,2,3,0
Hydroxyproline,Hyp,O,131.13,C5H9NO3,C5H7NO2,113.11,1.82,9.65,,,,,,,,,5,9,1,3,0
Proline,Pro,P,115.13,C5H9NO2,C5H7NO,97.12,1.99,10.6,,6.3,0.12,41.9,8,0.131,1.468,0.239531,5,9,1,2,0
Glutamine,Gln,Q,146.15,C5H10N2O3,C5H8N2O2,128.13,2.17,9.13,,5.65,-0.85,80.7,10.5,0.18,1.932,0.049211,5,10,2,3,0
Arginine,Arg,R,174.2,C6H14N4O2,C6H12N4O,156.19,2.17,9.04,12.48,10.76,-2.53,105,10.5,0.291,2.56,0.043587,6,14,4,2,0
Serine,Ser,S,105.09,C3H7NO3,C3H5NO2,87.08,2.21,9.15,,5.68,-0.18,29.3,9.2,0.062,1.298,0.004627,3,7,1,3,0
Threonine,Thr,T,119.12,C4H9NO3,C4H7NO2,101.11,2.09,9.1,,5.6,-0.05,51.3,8.6,0.108,1.525,0.003352,4,9,1,3,0
Pyroglutamatic,Glp,U,139.11,C5H7NO3,C5H5NO2,121.09,,,,5.68,,,,,,,5,7,1,3,0
Valine,Val,V,117.15,C5H11NO2,C5H9NO,99.13,2.32,9.62,,5.96,1.08,71.5,5.9,0.14,1.645,0.057004,5,11,1,2,0
Tryptophan,Trp,W,204.23,C11H12N2O2,C11H10N2O,186.22,2.83,9.39,,5.89,0.81,145.5,5.4,0.409,2.663,0.037977,11,12,2,2,0
Tyrosine,Tyr,Y,181.19,C9H11NO3,C9H9NO2,163.18,2.2,9.11,10.07,5.66,0.26,117.3,6.2,0.298,2.368,0.023599,9,11,1,3,0